[
 {
		"name": "Hacker(harder than Deity)",
   "baseHappiness": 3,
		"researchCostModifier": 10,
		"unitCostModifier": 10,
		"unitSupplyBase": 2,
		"unitSupplyPerCity": 1,
		"buildingCostModifier": 10,
		"policyCostModifier": 10,
		"unhappinessModifier": 10,
		"aiCityGrowthModifier": 0.05,
		"aiUnitCostModifier": 0.05,
		"aiBuildingCostModifier": 0.05,
		"aiWonderCostModifier": 0.05,
		"aiBuildingMaintenanceModifier": 0.05,
		"aiUnitMaintenanceModifier": 0.05,
		"aiUnitSupplyModifier": 0.05,
		"aiUnhappinessModifier": 0.05,
		"aisExchangeTechs": true,
		"turnBarbariansCanEnterPlayerTiles": 0,
		"clearBarbarianCampReward": 5,
	},
  {
    		"name": "Child(Easier than Settler)",
   "baseHappiness": 30,
		"researchCostModifier": 0.05,
		"unitCostModifier": 0.05,
		"unitSupplyBase": 10,
		"unitSupplyPerCity": 10,
		"buildingCostModifier": 0.05,
		"policyCostModifier": 0.05,
		"unhappinessModifier": 0.05,
		"aiCityGrowthModifier": 10,
		"aiUnitCostModifier": 10,
		"aiBuildingCostModifier": 10,
		"aiWonderCostModifier": 10,
		"aiBuildingMaintenanceModifier": 10,
		"aiUnitMaintenanceModifier": 10,
		"aiUnitSupplyModifier": 10,
		"aiUnhappinessModifier": 10,
		"aisExchangeTechs": false,
		"turnBarbariansCanEnterPlayerTiles": 10,
		"clearBarbarianCampReward": 500,
  }
  ]
